RM,Capital,UF,Municipio
Região Integrada de Desenvolvimento do Distrito Federal e Entorno,BRASILIA,DF,BRASILIA
Região Integrada de Desenvolvimento do Distrito Federal e Entorno,BRASILIA,GO,ABADIANIA
Região Integrada de Desenvolvimento do Distrito Federal e Entorno,BRASILIA,GO,AGUA FRIA DE GOIAS
Região Integrada de Desenvolvimento do Distrito Federal e Entorno,BRASILIA,GO,AGUAS LINDAS DE GOIAS
Região Integrada de Desenvolvimento do Distrito Federal e Entorno,BRASILIA,GO,ALEXANIA
Região Integrada de Desenvolvimento do Distrito Federal e Entorno,BRASILIA,GO,ALTO PARAISO DE GOIAS
Região Integrada de Desenvolvimento do Distrito Federal e Entorno,BRASILIA,GO,ALVORADA DO NORTE
Região Integrada de Desenvolvimento do Distrito Federal e Entorno,BRASILIA,GO,BARRO ALTO
Região Integrada de Desenvolvimento do Distrito Federal e Entorno,BRASILIA,GO,CABECEIRAS
Região Integrada de Desenvolvimento do Distrito Federal e Entorno,BRASILIA,GO,CAVALCANTE
Região Integrada de Desenvolvimento do Distrito Federal e Entorno,BRASILIA,GO,CIDADE OCIDENTAL
Região Integrada de Desenvolvimento do Distrito Federal e Entorno,BRASILIA,GO,COCALZINHO DE GOIAS
Região Integrada de Desenvolvimento do Distrito Federal e Entorno,BRASILIA,GO,CORUMBA DE GOIAS
Região Integrada de Desenvolvimento do Distrito Federal e Entorno,BRASILIA,GO,CRISTALINA
Região Integrada de Desenvolvimento do Distrito Federal e Entorno,BRASILIA,GO,FLORES DE GOIAS
Região Integrada de Desenvolvimento do Distrito Federal e Entorno,BRASILIA,GO,FORMOSA
Região Integrada de Desenvolvimento do Distrito Federal e Entorno,BRASILIA,GO,GOIANESIA
Região Integrada de Desenvolvimento do Distrito Federal e Entorno,BRASILIA,GO,LUZIANIA
Região Integrada de Desenvolvimento do Distrito Federal e Entorno,BRASILIA,GO,MIMOSO DE GOIAS
Região Integrada de Desenvolvimento do Distrito Federal e Entorno,BRASILIA,GO,NIQUELANDIA
Região Integrada de Desenvolvimento do Distrito Federal e Entorno,BRASILIA,GO,NOVO GAMA
Região Integrada de Desenvolvimento do Distrito Federal e Entorno,BRASILIA,GO,PADRE BERNARDO
Região Integrada de Desenvolvimento do Distrito Federal e Entorno,BRASILIA,GO,PIRENOPOLIS
Região Integrada de Desenvolvimento do Distrito Federal e Entorno,BRASILIA,DF,PLANALTINA
Região Integrada de Desenvolvimento do Distrito Federal e Entorno,BRASILIA,GO,SANTO ANTONIO DO DESCOBERTO
Região Integrada de Desenvolvimento do Distrito Federal e Entorno,BRASILIA,GO,SAO JOAO D'ALIANCA
Região Integrada de Desenvolvimento do Distrito Federal e Entorno,BRASILIA,GO,SIMOLANDIA
Região Integrada de Desenvolvimento do Distrito Federal e Entorno,BRASILIA,GO,VALPARAISO DE GOIAS
Região Integrada de Desenvolvimento do Distrito Federal e Entorno,BRASILIA,GO,VILA BOA
Região Integrada de Desenvolvimento do Distrito Federal e Entorno,BRASILIA,MG,ARINOS
Região Integrada de Desenvolvimento do Distrito Federal e Entorno,BRASILIA,MG,BURITIS
Região Integrada de Desenvolvimento do Distrito Federal e Entorno,BRASILIA,MG,CABECEIRA GRANDE
Região Integrada de Desenvolvimento do Distrito Federal e Entorno,BRASILIA,MG,UNAI
Região Integrada de Desenvolvimento do Distrito Federal e Entorno,BRASILIA,GO,VILA PROPICIO
Região Metropolitana de Goiânia,GOIANIA,GO,ABADIA DE GOIAS
Região Metropolitana de Goiânia,GOIANIA,GO,APARECIDA DE GOIANIA
Região Metropolitana de Goiânia,GOIANIA,GO,ARAGOIANIA
Região Metropolitana de Goiânia,GOIANIA,GO,BELA VISTA DE GOIAS
Região Metropolitana de Goiânia,GOIANIA,GO,BONFINOPOLIS
Região Metropolitana de Goiânia,GOIANIA,GO,BRAZABRANTES
Região Metropolitana de Goiânia,GOIANIA,GO,CALDAZINHA
Região Metropolitana de Goiânia,GOIANIA,GO,CATURAI
Região Metropolitana de Goiânia,GOIANIA,GO,GOIANAPOLIS
Região Metropolitana de Goiânia,GOIANIA,GO,GOIANIA
Região Metropolitana de Goiânia,GOIANIA,GO,GOIANIRA
Região Metropolitana de Goiânia,GOIANIA,GO,GUAPO
Região Metropolitana de Goiânia,GOIANIA,GO,HIDROLANDIA
Região Metropolitana de Goiânia,GOIANIA,GO,INHUMAS
Região Metropolitana de Goiânia,GOIANIA,GO,NEROPOLIS
Região Metropolitana de Goiânia,GOIANIA,GO,NOVA VENEZA
Região Metropolitana de Goiânia,GOIANIA,GO,SANTA BARBARA DE GOIAS
Região Metropolitana de Goiânia,GOIANIA,GO,SANTO ANTONIO DE GOIAS
Região Metropolitana de Goiânia,GOIANIA,GO,SENADOR CANEDO
Região Metropolitana de Goiânia,GOIANIA,GO,TEREZOPOLIS DE GOIAS
Região Metropolitana de Goiânia,GOIANIA,GO,TRINDADE
Região Metropolitana do Vale do Rio Cuiabá,CUIABA,MT,BARAO DE MELGACO
Região Metropolitana do Vale do Rio Cuiabá,CUIABA,MT,JANGADA
Região Metropolitana do Vale do Rio Cuiabá,CUIABA,MT,NOBRES
Região Metropolitana do Vale do Rio Cuiabá,CUIABA,MT,NOVA BRASILANDIA
Região Metropolitana do Vale do Rio Cuiabá,CUIABA,MT,PLANALTO DA SERRA
Região Metropolitana do Vale do Rio Cuiabá,CUIABA,MT,POCONE
Região Metropolitana do Vale do Rio Cuiabá,CUIABA,MT,ROSARIO OESTE
Região Metropolitana do Vale do Rio Cuiabá,CUIABA,MT,ACORIZAL
Região Metropolitana do Vale do Rio Cuiabá,CUIABA,MT,CHAPADA DOS GUIMARAES
Região Metropolitana do Vale do Rio Cuiabá,CUIABA,MT,CUIABA
Região Metropolitana do Vale do Rio Cuiabá,CUIABA,MT,NOSSA SENHORA DO LIVRAMENTO
Região Metropolitana do Vale do Rio Cuiabá,CUIABA,MT,SANTO ANTONIO DO LEVERGER
Região Metropolitana do Vale do Rio Cuiabá,CUIABA,MT,VARZEA GRANDE
Campo Grande,CAMPO GRANDE,MS,CAMPO GRANDE
Região Metropolitana de Maceió,MACEIO,AL,BARRA DE SANTO ANTONIO
Região Metropolitana de Maceió,MACEIO,AL,BARRA DE SAO MIGUEL
Região Metropolitana de Maceió,MACEIO,AL,COQUEIRO SECO
Região Metropolitana de Maceió,MACEIO,AL,MACEIO
Região Metropolitana de Maceió,MACEIO,AL,MARECHAL DEODORO
Região Metropolitana de Maceió,MACEIO,AL,MESSIAS
Região Metropolitana de Maceió,MACEIO,AL,MURICI
Região Metropolitana de Maceió,MACEIO,AL,PARIPUEIRA
Região Metropolitana de Maceió,MACEIO,AL,PILAR
Região Metropolitana de Maceió,MACEIO,AL,RIO LARGO
Região Metropolitana de Maceió,MACEIO,AL,SANTA LUZIA DO NORTE
Região Metropolitana de Maceió,MACEIO,AL,SATUBA
Região Metropolitana de Salvador,SALVADOR,BA,CAMACARI
Região Metropolitana de Salvador,SALVADOR,BA,CANDEIAS
Região Metropolitana de Salvador,SALVADOR,BA,DIAS D'AVILA
Região Metropolitana de Salvador,SALVADOR,BA,ITAPARICA
Região Metropolitana de Salvador,SALVADOR,BA,LAURO DE FREITAS
Região Metropolitana de Salvador,SALVADOR,BA,MADRE DE DEUS
Região Metropolitana de Salvador,SALVADOR,BA,MATA DE SAO JOAO
Região Metropolitana de Salvador,SALVADOR,BA,POJUCA
Região Metropolitana de Salvador,SALVADOR,BA,SALVADOR
Região Metropolitana de Salvador,SALVADOR,BA,SAO FRANCISCO DO CONDE
Região Metropolitana de Salvador,SALVADOR,BA,SAO SEBASTIAO DO PASSE
Região Metropolitana de Salvador,SALVADOR,BA,SIMOES FILHO
Região Metropolitana de Salvador,SALVADOR,BA,VERA CRUZ
Região Metropolitana de Fortaleza,FORTALEZA,CE,AQUIRAZ
Região Metropolitana de Fortaleza,FORTALEZA,CE,CASCAVEL
Região Metropolitana de Fortaleza,FORTALEZA,CE,CAUCAIA
Região Metropolitana de Fortaleza,FORTALEZA,CE,CHOROZINHO
Região Metropolitana de Fortaleza,FORTALEZA,CE,EUSEBIO
Região Metropolitana de Fortaleza,FORTALEZA,CE,FORTALEZA
Região Metropolitana de Fortaleza,FORTALEZA,CE,GUAIUBA
Região Metropolitana de Fortaleza,FORTALEZA,CE,HORIZONTE
Região Metropolitana de Fortaleza,FORTALEZA,CE,ITAITINGA
Região Metropolitana de Fortaleza,FORTALEZA,CE,MARACANAU
Região Metropolitana de Fortaleza,FORTALEZA,CE,MARANGUAPE
Região Metropolitana de Fortaleza,FORTALEZA,CE,PACAJUS
Região Metropolitana de Fortaleza,FORTALEZA,CE,PACATUBA
Região Metropolitana de Fortaleza,FORTALEZA,CE,PARACURU
Região Metropolitana de Fortaleza,FORTALEZA,CE,PARAIPABA
Região Metropolitana de Fortaleza,FORTALEZA,CE,PINDORETAMA
Região Metropolitana de Fortaleza,FORTALEZA,CE,SAO GONCALO DO AMARANTE
Região Metropolitana de Fortaleza,FORTALEZA,CE,SAO LUIS DO CURU
Região Metropolitana de Fortaleza,FORTALEZA,CE,TRAIRI
Região Metropolitana da Grande São Luís,SAO LUIS,MA,ALCANTARA
Região Metropolitana da Grande São Luís,SAO LUIS,MA,AXIXA
Região Metropolitana da Grande São Luís,SAO LUIS,MA,BACABEIRA
Região Metropolitana da Grande São Luís,SAO LUIS,MA,CACHOEIRA GRANDE
Região Metropolitana da Grande São Luís,SAO LUIS,MA,ICATU
Região Metropolitana da Grande São Luís,SAO LUIS,MA,MORROS
Região Metropolitana da Grande São Luís,SAO LUIS,MA,PACO DO LUMIAR
Região Metropolitana da Grande São Luís,SAO LUIS,MA,PRESIDENTE JUSCELINO
Região Metropolitana da Grande São Luís,SAO LUIS,MA,RAPOSA
Região Metropolitana da Grande São Luís,SAO LUIS,MA,ROSARIO
Região Metropolitana da Grande São Luís,SAO LUIS,MA,SANTA RITA
Região Metropolitana da Grande São Luís,SAO LUIS,MA,SAO JOSE DE RIBAMAR
Região Metropolitana da Grande São Luís,SAO LUIS,MA,SAO LUIS
Região Metropolitana de João Pessoa,JOAO PESSOA,PB,ALHANDRA
Região Metropolitana de João Pessoa,JOAO PESSOA,PB,BAYEUX
Região Metropolitana de João Pessoa,JOAO PESSOA,PB,CAAPORA
Região Metropolitana de João Pessoa,JOAO PESSOA,PB,CABEDELO
Região Metropolitana de João Pessoa,JOAO PESSOA,PB,CONDE
Região Metropolitana de João Pessoa,JOAO PESSOA,PB,CRUZ DO ESPIRITO SANTO
Região Metropolitana de João Pessoa,JOAO PESSOA,PB,JOAO PESSOA
Região Metropolitana de João Pessoa,JOAO PESSOA,PB,LUCENA
Região Metropolitana de João Pessoa,JOAO PESSOA,PB,PEDRAS DE FOGO
Região Metropolitana de João Pessoa,JOAO PESSOA,PB,PITIMBU
Região Metropolitana de João Pessoa,JOAO PESSOA,PB,RIO TINTO
Região Metropolitana de João Pessoa,JOAO PESSOA,PB,SANTA RITA
Região Metropolitana de Recife,RECIFE,PE,ABREU E LIMA
Região Metropolitana de Recife,RECIFE,PE,ARACOIABA
Região Metropolitana de Recife,RECIFE,PE,CABO DE SANTO AGOSTINHO
Região Metropolitana de Recife,RECIFE,PE,CAMARAGIBE
Região Metropolitana de Recife,RECIFE,PE,IGARASSU
Região Metropolitana de Recife,RECIFE,PE,ILHA DE ITAMARACA
Região Metropolitana de Recife,RECIFE,PE,IPOJUCA
Região Metropolitana de Recife,RECIFE,PE,ITAPISSUMA
Região Metropolitana de Recife,RECIFE,PE,JABOATAO DOS GUARARAPES
Região Metropolitana de Recife,RECIFE,PE,MORENO
Região Metropolitana de Recife,RECIFE,PE,OLINDA
Região Metropolitana de Recife,RECIFE,PE,PAULISTA
Região Metropolitana de Recife,RECIFE,PE,RECIFE
Região Metropolitana de Recife,RECIFE,PE,SAO LOURENCO DA MATA
Região Integrada de Desenvolvimento da Grande Teresina,TERESINA,PI,ALTOS
Região Integrada de Desenvolvimento da Grande Teresina,TERESINA,PI,BENEDITINOS
Região Integrada de Desenvolvimento da Grande Teresina,TERESINA,PI,COIVARAS
Região Integrada de Desenvolvimento da Grande Teresina,TERESINA,PI,CURRALINHOS
Região Integrada de Desenvolvimento da Grande Teresina,TERESINA,PI,DEMERVAL LOBAO
Região Integrada de Desenvolvimento da Grande Teresina,TERESINA,PI,JOSE DE FREITAS
Região Integrada de Desenvolvimento da Grande Teresina,TERESINA,PI,LAGOA ALEGRE
Região Integrada de Desenvolvimento da Grande Teresina,TERESINA,PI,LAGOA DO PIAUI
Região Integrada de Desenvolvimento da Grande Teresina,TERESINA,PI,MIGUEL LEAO
Região Integrada de Desenvolvimento da Grande Teresina,TERESINA,PI,MONSENHOR GIL
Região Integrada de Desenvolvimento da Grande Teresina,TERESINA,PI,NAZARIA
Região Integrada de Desenvolvimento da Grande Teresina,TERESINA,PI,TERESINA
Região Integrada de Desenvolvimento da Grande Teresina,TERESINA,MA,TIMON
Região Integrada de Desenvolvimento da Grande Teresina,TERESINA,PI,UNIAO
Região Metropolitana de Natal,NATAL,RN,ARES
Região Metropolitana de Natal,NATAL,RN,BOM JESUS
Região Metropolitana de Natal,NATAL,RN,CEARA-MIRIM
Região Metropolitana de Natal,NATAL,RN,EXTREMOZ
Região Metropolitana de Natal,NATAL,RN,GOIANINHA
Região Metropolitana de Natal,NATAL,RN,IELMO MARINHO
Região Metropolitana de Natal,NATAL,RN,MACAIBA
Região Metropolitana de Natal,NATAL,RN,MAXARANGUAPE
Região Metropolitana de Natal,NATAL,RN,MONTE ALEGRE
Região Metropolitana de Natal,NATAL,RN,NATAL
Região Metropolitana de Natal,NATAL,RN,NISIA FLORESTA
Região Metropolitana de Natal,NATAL,RN,PARNAMIRIM
Região Metropolitana de Natal,NATAL,RN,SAO GONCALO DO AMARANTE
Região Metropolitana de Natal,NATAL,RN,SAO JOSE DE MIPIBU
Região Metropolitana de Natal,NATAL,RN,VERA CRUZ
Região Metropolitana de Aracaju,ARACAJU,SE,ARACAJU
Região Metropolitana de Aracaju,ARACAJU,SE,BARRA DOS COQUEIROS
Região Metropolitana de Aracaju,ARACAJU,SE,NOSSA SENHORA DO SOCORRO
Região Metropolitana de Aracaju,ARACAJU,SE,SAO CRISTOVAO
Região Metropolitana de Macapá,MACAPA,AP,MACAPA
Região Metropolitana de Macapá,MACAPA,AP,MAZAGAO
Região Metropolitana de Macapá,MACAPA,AP,SANTANA
Região Metropolitana de Manaus,MANAUS,AM,AUTAZES
Região Metropolitana de Manaus,MANAUS,AM,CAREIRO
Região Metropolitana de Manaus,MANAUS,AM,CAREIRO DA VARZEA
Região Metropolitana de Manaus,MANAUS,AM,IRANDUBA
Região Metropolitana de Manaus,MANAUS,AM,ITACOATIARA
Região Metropolitana de Manaus,MANAUS,AM,ITAPIRANGA
Região Metropolitana de Manaus,MANAUS,AM,MANACAPURU
Região Metropolitana de Manaus,MANAUS,AM,MANAQUIRI
Região Metropolitana de Manaus,MANAUS,AM,MANAUS
Região Metropolitana de Manaus,MANAUS,AM,NOVO AIRAO
Região Metropolitana de Manaus,MANAUS,AM,PRESIDENTE FIGUEIREDO
Região Metropolitana de Manaus,MANAUS,AM,RIO PRETO DA EVA
Região Metropolitana de Manaus,MANAUS,AM,SILVES
Região Metropolitana de Porto Velho,PORTO VELHO,RO,PORTO VELHO
Região Metropolitana de Porto Velho,PORTO VELHO,RO,CANDEIAS DO JAMARI
Rio Branco,RIO BRANCO,AC,RIO BRANCO
Região Metropolitana da Capital,BOA VISTA,RR,ALTO ALEGRE
Região Metropolitana da Capital,BOA VISTA,RR,BOA VISTA
Região Metropolitana da Capital,BOA VISTA,RR,BONFIM
Região Metropolitana da Capital,BOA VISTA,RR,CANTA
Região Metropolitana da Capital,BOA VISTA,RR,MUCAJAI
Região Metropolitana de Belém,BELEM,PA,ANANINDEUA
Região Metropolitana de Belém,BELEM,PA,BELEM
Região Metropolitana de Belém,BELEM,PA,BENEVIDES
Região Metropolitana de Belém,BELEM,PA,CASTANHAL
Região Metropolitana de Belém,BELEM,PA,MARITUBA
Região Metropolitana de Belém,BELEM,PA,SANTA BARBARA DO PARA
Região Metropolitana de Belém,BELEM,PA,SANTA IZABEL DO PARA
Região Metropolitana de Palmas,PALMAS,TO,APARECIDA DO RIO NEGRO
Região Metropolitana de Palmas,PALMAS,TO,BARROLANDIA
Região Metropolitana de Palmas,PALMAS,TO,BREJINHO DE NAZARE
Região Metropolitana de Palmas,PALMAS,TO,FATIMA
Região Metropolitana de Palmas,PALMAS,TO,IPUEIRAS
Região Metropolitana de Palmas,PALMAS,TO,LAJEADO
Região Metropolitana de Palmas,PALMAS,TO,MIRACEMA DO TOCANTINS
Região Metropolitana de Palmas,PALMAS,TO,MIRANORTE
Região Metropolitana de Palmas,PALMAS,TO,MONTE DO CARMO
Região Metropolitana de Palmas,PALMAS,TO,OLIVEIRA DE FATIMA
Região Metropolitana de Palmas,PALMAS,TO,PALMAS
Região Metropolitana de Palmas,PALMAS,TO,PARAISO DO TOCANTINS
Região Metropolitana de Palmas,PALMAS,TO,PORTO NACIONAL
Região Metropolitana de Palmas,PALMAS,TO,PUGMIL
Região Metropolitana de Palmas,PALMAS,TO,SILVANOPOLIS
Região Metropolitana de Palmas,PALMAS,TO,TOCANTINIA
Região Metropolitana da Grande Vitória,VITORIA,ES,CARIACICA
Região Metropolitana da Grande Vitória,VITORIA,ES,FUNDAO
Região Metropolitana da Grande Vitória,VITORIA,ES,GUARAPARI
Região Metropolitana da Grande Vitória,VITORIA,ES,SERRA
Região Metropolitana da Grande Vitória,VITORIA,ES,VIANA
Região Metropolitana da Grande Vitória,VITORIA,ES,VILA VELHA
Região Metropolitana da Grande Vitória,VITORIA,ES,VITORIA
Região Metropolitana de Belo Horizonte,BELO HORIZONTE,MG,BALDIM
Região Metropolitana de Belo Horizonte,BELO HORIZONTE,MG,BELO HORIZONTE
Região Metropolitana de Belo Horizonte,BELO HORIZONTE,MG,BETIM
Região Metropolitana de Belo Horizonte,BELO HORIZONTE,MG,BRUMADINHO
Região Metropolitana de Belo Horizonte,BELO HORIZONTE,MG,CAETE
Região Metropolitana de Belo Horizonte,BELO HORIZONTE,MG,CAPIM BRANCO
Região Metropolitana de Belo Horizonte,BELO HORIZONTE,MG,CONFINS
Região Metropolitana de Belo Horizonte,BELO HORIZONTE,MG,CONTAGEM
Região Metropolitana de Belo Horizonte,BELO HORIZONTE,MG,ESMERALDAS
Região Metropolitana de Belo Horizonte,BELO HORIZONTE,MG,FLORESTAL
Região Metropolitana de Belo Horizonte,BELO HORIZONTE,MG,IBIRITE
Região Metropolitana de Belo Horizonte,BELO HORIZONTE,MG,IGARAPE
Região Metropolitana de Belo Horizonte,BELO HORIZONTE,MG,ITAGUARA
Região Metropolitana de Belo Horizonte,BELO HORIZONTE,MG,ITATIAIUCU
Região Metropolitana de Belo Horizonte,BELO HORIZONTE,MG,JABOTICATUBAS
Região Metropolitana de Belo Horizonte,BELO HORIZONTE,MG,JUATUBA
Região Metropolitana de Belo Horizonte,BELO HORIZONTE,MG,LAGOA SANTA
Região Metropolitana de Belo Horizonte,BELO HORIZONTE,MG,MARIO CAMPOS
Região Metropolitana de Belo Horizonte,BELO HORIZONTE,MG,MATEUS LEME
Região Metropolitana de Belo Horizonte,BELO HORIZONTE,MG,MATOZINHOS
Região Metropolitana de Belo Horizonte,BELO HORIZONTE,MG,NOVA LIMA
Região Metropolitana de Belo Horizonte,BELO HORIZONTE,MG,NOVA UNIAO
Região Metropolitana de Belo Horizonte,BELO HORIZONTE,MG,PEDRO LEOPOLDO
Região Metropolitana de Belo Horizonte,BELO HORIZONTE,MG,RAPOSOS
Região Metropolitana de Belo Horizonte,BELO HORIZONTE,MG,RIBEIRAO DAS NEVES
Região Metropolitana de Belo Horizonte,BELO HORIZONTE,MG,RIO ACIMA
Região Metropolitana de Belo Horizonte,BELO HORIZONTE,MG,RIO MANSO
Região Metropolitana de Belo Horizonte,BELO HORIZONTE,MG,SABARA
Região Metropolitana de Belo Horizonte,BELO HORIZONTE,MG,SANTA LUZIA
Região Metropolitana de Belo Horizonte,BELO HORIZONTE,MG,SAO JOAQUIM DE BICAS
Região Metropolitana de Belo Horizonte,BELO HORIZONTE,MG,SAO JOSE DA LAPA
Região Metropolitana de Belo Horizonte,BELO HORIZONTE,MG,SARZEDO
Região Metropolitana de Belo Horizonte,BELO HORIZONTE,MG,TAQUARACU DE MINAS
Região Metropolitana de Belo Horizonte,BELO HORIZONTE,MG,VESPASIANO
Região Metropolitana do Rio de Janeiro,RIO DE JANEIRO,RJ,BELFORD ROXO
Região Metropolitana do Rio de Janeiro,RIO DE JANEIRO,RJ,CACHOEIRAS DE MACACU
Região Metropolitana do Rio de Janeiro,RIO DE JANEIRO,RJ,DUQUE DE CAXIAS
Região Metropolitana do Rio de Janeiro,RIO DE JANEIRO,RJ,GUAPIMIRIM
Região Metropolitana do Rio de Janeiro,RIO DE JANEIRO,RJ,ITABORAI
Região Metropolitana do Rio de Janeiro,RIO DE JANEIRO,RJ,ITAGUAI
Região Metropolitana do Rio de Janeiro,RIO DE JANEIRO,RJ,JAPERI
Região Metropolitana do Rio de Janeiro,RIO DE JANEIRO,RJ,MAGE
Região Metropolitana do Rio de Janeiro,RIO DE JANEIRO,RJ,MARICA
Região Metropolitana do Rio de Janeiro,RIO DE JANEIRO,RJ,MESQUITA
Região Metropolitana do Rio de Janeiro,RIO DE JANEIRO,RJ,NILOPOLIS
Região Metropolitana do Rio de Janeiro,RIO DE JANEIRO,RJ,NITEROI
Região Metropolitana do Rio de Janeiro,RIO DE JANEIRO,RJ,NOVA IGUACU
Região Metropolitana do Rio de Janeiro,RIO DE JANEIRO,RJ,PARACAMBI
Região Metropolitana do Rio de Janeiro,RIO DE JANEIRO,RJ,PETROPOLIS
Região Metropolitana do Rio de Janeiro,RIO DE JANEIRO,RJ,QUEIMADOS
Região Metropolitana do Rio de Janeiro,RIO DE JANEIRO,RJ,RIO BONITO
Região Metropolitana do Rio de Janeiro,RIO DE JANEIRO,RJ,RIO DE JANEIRO
Região Metropolitana do Rio de Janeiro,RIO DE JANEIRO,RJ,SAO GONCALO
Região Metropolitana do Rio de Janeiro,RIO DE JANEIRO,RJ,SAO JOAO DE MERITI
Região Metropolitana do Rio de Janeiro,RIO DE JANEIRO,RJ,SEROPEDICA
Região Metropolitana do Rio de Janeiro,RIO DE JANEIRO,RJ,TANGUA
Região Metropolitana de São Paulo,SAO PAULO,SP,ARUJA
Região Metropolitana de São Paulo,SAO PAULO,SP,BIRITIBA MIRIM
Região Metropolitana de São Paulo,SAO PAULO,SP,FERRAZ DE VASCONCELOS
Região Metropolitana de São Paulo,SAO PAULO,SP,GUARAREMA
Região Metropolitana de São Paulo,SAO PAULO,SP,GUARULHOS
Região Metropolitana de São Paulo,SAO PAULO,SP,ITAQUAQUECETUBA
Região Metropolitana de São Paulo,SAO PAULO,SP,MOGI DAS CRUZES
Região Metropolitana de São Paulo,SAO PAULO,SP,POA
Região Metropolitana de São Paulo,SAO PAULO,SP,SALESOPOLIS
Região Metropolitana de São Paulo,SAO PAULO,SP,SANTA ISABEL
Região Metropolitana de São Paulo,SAO PAULO,SP,SUZANO
Região Metropolitana de São Paulo,SAO PAULO,SP,CAIEIRAS
Região Metropolitana de São Paulo,SAO PAULO,SP,CAJAMAR
Região Metropolitana de São Paulo,SAO PAULO,SP,FRANCISCO MORATO
Região Metropolitana de São Paulo,SAO PAULO,SP,FRANCO DA ROCHA
Região Metropolitana de São Paulo,SAO PAULO,SP,MAIRIPORA
Região Metropolitana de São Paulo,SAO PAULO,SP,BARUERI
Região Metropolitana de São Paulo,SAO PAULO,SP,CARAPICUIBA
Região Metropolitana de São Paulo,SAO PAULO,SP,ITAPEVI
Região Metropolitana de São Paulo,SAO PAULO,SP,JANDIRA
Região Metropolitana de São Paulo,SAO PAULO,SP,OSASCO
Região Metropolitana de São Paulo,SAO PAULO,SP,PIRAPORA DO BOM JESUS
Região Metropolitana de São Paulo,SAO PAULO,SP,SANTANA DE PARNAIBA
Região Metropolitana de São Paulo,SAO PAULO,SP,DIADEMA
Região Metropolitana de São Paulo,SAO PAULO,SP,MAUA
Região Metropolitana de São Paulo,SAO PAULO,SP,RIBEIRAO PIRES
Região Metropolitana de São Paulo,SAO PAULO,SP,RIO GRANDE DA SERRA
Região Metropolitana de São Paulo,SAO PAULO,SP,SANTO ANDRE
Região Metropolitana de São Paulo,SAO PAULO,SP,SAO BERNARDO DO CAMPO
Região Metropolitana de São Paulo,SAO PAULO,SP,SAO CAETANO DO SUL
Região Metropolitana de São Paulo,SAO PAULO,SP,COTIA
Região Metropolitana de São Paulo,SAO PAULO,SP,EMBU DAS ARTES
Região Metropolitana de São Paulo,SAO PAULO,SP,EMBU-GUACU
Região Metropolitana de São Paulo,SAO PAULO,SP,ITAPECERICA DA SERRA
Região Metropolitana de São Paulo,SAO PAULO,SP,JUQUITIBA
Região Metropolitana de São Paulo,SAO PAULO,SP,SAO LOURENCO DA SERRA
Região Metropolitana de São Paulo,SAO PAULO,SP,TABOAO DA SERRA
Região Metropolitana de São Paulo,SAO PAULO,SP,VARGEM GRANDE PAULISTA
Região Metropolitana de São Paulo,SAO PAULO,SP,SAO PAULO
Região Metropolitana de Curitiba,CURITIBA,PR,ADRIANOPOLIS
Região Metropolitana de Curitiba,CURITIBA,PR,AGUDOS DO SUL
Região Metropolitana de Curitiba,CURITIBA,PR,ALMIRANTE TAMANDARE
Região Metropolitana de Curitiba,CURITIBA,PR,ARAUCARIA
Região Metropolitana de Curitiba,CURITIBA,PR,BALSA NOVA
Região Metropolitana de Curitiba,CURITIBA,PR,BOCAIUVA DO SUL
Região Metropolitana de Curitiba,CURITIBA,PR,CAMPINA GRANDE DO SUL
Região Metropolitana de Curitiba,CURITIBA,PR,CAMPO DO TENENTE
Região Metropolitana de Curitiba,CURITIBA,PR,CAMPO LARGO
Região Metropolitana de Curitiba,CURITIBA,PR,CAMPO MAGRO
Região Metropolitana de Curitiba,CURITIBA,PR,CERRO AZUL
Região Metropolitana de Curitiba,CURITIBA,PR,COLOMBO
Região Metropolitana de Curitiba,CURITIBA,PR,CONTENDA
Região Metropolitana de Curitiba,CURITIBA,PR,CURITIBA
Região Metropolitana de Curitiba,CURITIBA,PR,DOUTOR ULYSSES
Região Metropolitana de Curitiba,CURITIBA,PR,FAZENDA RIO GRANDE
Região Metropolitana de Curitiba,CURITIBA,PR,ITAPERUCU
Região Metropolitana de Curitiba,CURITIBA,PR,LAPA
Região Metropolitana de Curitiba,CURITIBA,PR,MANDIRITUBA
Região Metropolitana de Curitiba,CURITIBA,PR,PIEN
Região Metropolitana de Curitiba,CURITIBA,PR,PINHAIS
Região Metropolitana de Curitiba,CURITIBA,PR,PIRAQUARA
Região Metropolitana de Curitiba,CURITIBA,PR,QUATRO BARRAS
Região Metropolitana de Curitiba,CURITIBA,PR,QUITANDINHA
Região Metropolitana de Curitiba,CURITIBA,PR,RIO BRANCO DO SUL
Região Metropolitana de Curitiba,CURITIBA,PR,RIO NEGRO
Região Metropolitana de Curitiba,CURITIBA,PR,SAO JOSE DOS PINHAIS
Região Metropolitana de Curitiba,CURITIBA,PR,TIJUCAS DO SUL
Região Metropolitana de Curitiba,CURITIBA,PR,TUNAS DO PARANA
Região Metropolitana de Porto Alegre,PORTO ALEGRE,RS,ALVORADA
Região Metropolitana de Porto Alegre,PORTO ALEGRE,RS,ARARICA
Região Metropolitana de Porto Alegre,PORTO ALEGRE,RS,ARROIO DOS RATOS
Região Metropolitana de Porto Alegre,PORTO ALEGRE,RS,CACHOEIRINHA
Região Metropolitana de Porto Alegre,PORTO ALEGRE,RS,CAMPO BOM
Região Metropolitana de Porto Alegre,PORTO ALEGRE,RS,CANOAS
Região Metropolitana de Porto Alegre,PORTO ALEGRE,RS,CAPELA DE SANTANA
Região Metropolitana de Porto Alegre,PORTO ALEGRE,RS,CHARQUEADAS
Região Metropolitana de Porto Alegre,PORTO ALEGRE,RS,DOIS IRMAOS
Região Metropolitana de Porto Alegre,PORTO ALEGRE,RS,ELDORADO DO SUL
Região Metropolitana de Porto Alegre,PORTO ALEGRE,RS,ESTANCIA VELHA
Região Metropolitana de Porto Alegre,PORTO ALEGRE,RS,ESTEIO
Região Metropolitana de Porto Alegre,PORTO ALEGRE,RS,GLORINHA
Região Metropolitana de Porto Alegre,PORTO ALEGRE,RS,GRAVATAI
Região Metropolitana de Porto Alegre,PORTO ALEGRE,RS,GUAIBA
Região Metropolitana de Porto Alegre,PORTO ALEGRE,RS,IGREJINHA
Região Metropolitana de Porto Alegre,PORTO ALEGRE,RS,IVOTI
Região Metropolitana de Porto Alegre,PORTO ALEGRE,RS,MONTENEGRO
Região Metropolitana de Porto Alegre,PORTO ALEGRE,RS,NOVA HARTZ
Região Metropolitana de Porto Alegre,PORTO ALEGRE,RS,NOVA SANTA RITA
Região Metropolitana de Porto Alegre,PORTO ALEGRE,RS,NOVO HAMBURGO
Região Metropolitana de Porto Alegre,PORTO ALEGRE,RS,PAROBE
Região Metropolitana de Porto Alegre,PORTO ALEGRE,RS,PORTAO
Região Metropolitana de Porto Alegre,PORTO ALEGRE,RS,PORTO ALEGRE
Região Metropolitana de Porto Alegre,PORTO ALEGRE,RS,ROLANTE
Região Metropolitana de Porto Alegre,PORTO ALEGRE,RS,SANTO ANTONIO DA PATRULHA
Região Metropolitana de Porto Alegre,PORTO ALEGRE,RS,SAO JERONIMO
Região Metropolitana de Porto Alegre,PORTO ALEGRE,RS,SAO LEOPOLDO
Região Metropolitana de Porto Alegre,PORTO ALEGRE,RS,SAO SEBASTIAO DO CAI
Região Metropolitana de Porto Alegre,PORTO ALEGRE,RS,SAPIRANGA
Região Metropolitana de Porto Alegre,PORTO ALEGRE,RS,SAPUCAIA DO SUL
Região Metropolitana de Porto Alegre,PORTO ALEGRE,RS,TAQUARA
Região Metropolitana de Porto Alegre,PORTO ALEGRE,RS,TRIUNFO
Região Metropolitana de Porto Alegre,PORTO ALEGRE,RS,VIAMAO
Região Metropolitana de Florianópolis,FLORIANOPOLIS,SC,ALFREDO WAGNER
Região Metropolitana de Florianópolis,FLORIANOPOLIS,SC,ANGELINA
Região Metropolitana de Florianópolis,FLORIANOPOLIS,SC,ANITAPOLIS
Região Metropolitana de Florianópolis,FLORIANOPOLIS,SC,CANELINHA
Região Metropolitana de Florianópolis,FLORIANOPOLIS,SC,GAROPABA
Região Metropolitana de Florianópolis,FLORIANOPOLIS,SC,LEOBERTO LEAL
Região Metropolitana de Florianópolis,FLORIANOPOLIS,SC,MAJOR GERCINO
Região Metropolitana de Florianópolis,FLORIANOPOLIS,SC,NOVA TRENTO
Região Metropolitana de Florianópolis,FLORIANOPOLIS,SC,PAULO LOPES
Região Metropolitana de Florianópolis,FLORIANOPOLIS,SC,RANCHO QUEIMADO
Região Metropolitana de Florianópolis,FLORIANOPOLIS,SC,SAO BONIFACIO
Região Metropolitana de Florianópolis,FLORIANOPOLIS,SC,SAO JOAO BATISTA
Região Metropolitana de Florianópolis,FLORIANOPOLIS,SC,TIJUCAS
Região Metropolitana de Florianópolis,FLORIANOPOLIS,SC,AGUAS MORNAS
Região Metropolitana de Florianópolis,FLORIANOPOLIS,SC,ANTONIO CARLOS
Região Metropolitana de Florianópolis,FLORIANOPOLIS,SC,BIGUACU
Região Metropolitana de Florianópolis,FLORIANOPOLIS,SC,FLORIANOPOLIS
Região Metropolitana de Florianópolis,FLORIANOPOLIS,SC,GOVERNADOR CELSO RAMOS
Região Metropolitana de Florianópolis,FLORIANOPOLIS,SC,PALHOCA
Região Metropolitana de Florianópolis,FLORIANOPOLIS,SC,SANTO AMARO DA IMPERATRIZ
Região Metropolitana de Florianópolis,FLORIANOPOLIS,SC,SAO JOSE
Região Metropolitana de Florianópolis,FLORIANOPOLIS,SC,SAO PEDRO DE ALCANTARA