RM,Capital,UF,Municipio
Região Integrada de Desenvolvimento do Distrito Federal e Entorno,BRASILIA,DISTRITO FEDERAL,BRASILIA
Região Integrada de Desenvolvimento do Distrito Federal e Entorno,BRASILIA,GOIAS,ABADIANIA
Região Integrada de Desenvolvimento do Distrito Federal e Entorno,BRASILIA,GOIAS,AGUA FRIA DE GOIAS
Região Integrada de Desenvolvimento do Distrito Federal e Entorno,BRASILIA,GOIAS,AGUAS LINDAS DE GOIAS
Região Integrada de Desenvolvimento do Distrito Federal e Entorno,BRASILIA,GOIAS,ALEXANIA
Região Integrada de Desenvolvimento do Distrito Federal e Entorno,BRASILIA,GOIAS,ALTO PARAISO DE GOIAS
Região Integrada de Desenvolvimento do Distrito Federal e Entorno,BRASILIA,GOIAS,ALVORADA DO NORTE
Região Integrada de Desenvolvimento do Distrito Federal e Entorno,BRASILIA,GOIAS,BARRO ALTO
Região Integrada de Desenvolvimento do Distrito Federal e Entorno,BRASILIA,GOIAS,CABECEIRAS
Região Integrada de Desenvolvimento do Distrito Federal e Entorno,BRASILIA,GOIAS,CAVALCANTE
Região Integrada de Desenvolvimento do Distrito Federal e Entorno,BRASILIA,GOIAS,CIDADE OCIDENTAL
Região Integrada de Desenvolvimento do Distrito Federal e Entorno,BRASILIA,GOIAS,COCALZINHO DE GOIAS
Região Integrada de Desenvolvimento do Distrito Federal e Entorno,BRASILIA,GOIAS,CORUMBA DE GOIAS
Região Integrada de Desenvolvimento do Distrito Federal e Entorno,BRASILIA,GOIAS,CRISTALINA
Região Integrada de Desenvolvimento do Distrito Federal e Entorno,BRASILIA,GOIAS,FLORES DE GOIAS
Região Integrada de Desenvolvimento do Distrito Federal e Entorno,BRASILIA,GOIAS,FORMOSA
Região Integrada de Desenvolvimento do Distrito Federal e Entorno,BRASILIA,GOIAS,GOIANESIA
Região Integrada de Desenvolvimento do Distrito Federal e Entorno,BRASILIA,GOIAS,LUZIANIA
Região Integrada de Desenvolvimento do Distrito Federal e Entorno,BRASILIA,GOIAS,MIMOSO DE GOIAS
Região Integrada de Desenvolvimento do Distrito Federal e Entorno,BRASILIA,GOIAS,NIQUELANDIA
Região Integrada de Desenvolvimento do Distrito Federal e Entorno,BRASILIA,GOIAS,NOVO GAMA
Região Integrada de Desenvolvimento do Distrito Federal e Entorno,BRASILIA,GOIAS,PADRE BERNARDO
Região Integrada de Desenvolvimento do Distrito Federal e Entorno,BRASILIA,GOIAS,PIRENOPOLIS
Região Integrada de Desenvolvimento do Distrito Federal e Entorno,BRASILIA,DISTRITO FEDERAL,PLANALTINA
Região Integrada de Desenvolvimento do Distrito Federal e Entorno,BRASILIA,GOIAS,SANTO ANTONIO DO DESCOBERTO
Região Integrada de Desenvolvimento do Distrito Federal e Entorno,BRASILIA,GOIAS,SAO JOAO D'ALIANCA
Região Integrada de Desenvolvimento do Distrito Federal e Entorno,BRASILIA,GOIAS,SIMOLANDIA
Região Integrada de Desenvolvimento do Distrito Federal e Entorno,BRASILIA,GOIAS,VALPARAISO DE GOIAS
Região Integrada de Desenvolvimento do Distrito Federal e Entorno,BRASILIA,GOIAS,VILA BOA
Região Integrada de Desenvolvimento do Distrito Federal e Entorno,BRASILIA,MINAS GERAIS,ARINOS
Região Integrada de Desenvolvimento do Distrito Federal e Entorno,BRASILIA,MINAS GERAIS,BURITIS
Região Integrada de Desenvolvimento do Distrito Federal e Entorno,BRASILIA,MINAS GERAIS,CABECEIRA GRANDE
Região Integrada de Desenvolvimento do Distrito Federal e Entorno,BRASILIA,MINAS GERAIS,UNAI
Região Integrada de Desenvolvimento do Distrito Federal e Entorno,BRASILIA,GOIAS,VILA PROPICIO
Região Metropolitana de Goiânia,GOIANIA,GOIAS,ABADIA DE GOIAS
Região Metropolitana de Goiânia,GOIANIA,GOIAS,APARECIDA DE GOIANIA
Região Metropolitana de Goiânia,GOIANIA,GOIAS,ARAGOIANIA
Região Metropolitana de Goiânia,GOIANIA,GOIAS,BELA VISTA DE GOIAS
Região Metropolitana de Goiânia,GOIANIA,GOIAS,BONFINOPOLIS
Região Metropolitana de Goiânia,GOIANIA,GOIAS,BRAZABRANTES
Região Metropolitana de Goiânia,GOIANIA,GOIAS,CALDAZINHA
Região Metropolitana de Goiânia,GOIANIA,GOIAS,CATURAI
Região Metropolitana de Goiânia,GOIANIA,GOIAS,GOIANAPOLIS
Região Metropolitana de Goiânia,GOIANIA,GOIAS,GOIANIA
Região Metropolitana de Goiânia,GOIANIA,GOIAS,GOIANIRA
Região Metropolitana de Goiânia,GOIANIA,GOIAS,GUAPO
Região Metropolitana de Goiânia,GOIANIA,GOIAS,HIDROLANDIA
Região Metropolitana de Goiânia,GOIANIA,GOIAS,INHUMAS
Região Metropolitana de Goiânia,GOIANIA,GOIAS,NEROPOLIS
Região Metropolitana de Goiânia,GOIANIA,GOIAS,NOVA VENEZA
Região Metropolitana de Goiânia,GOIANIA,GOIAS,SANTA BARBARA DE GOIAS
Região Metropolitana de Goiânia,GOIANIA,GOIAS,SANTO ANTONIO DE GOIAS
Região Metropolitana de Goiânia,GOIANIA,GOIAS,SENADOR CANEDO
Região Metropolitana de Goiânia,GOIANIA,GOIAS,TEREZOPOLIS DE GOIAS
Região Metropolitana de Goiânia,GOIANIA,GOIAS,TRINDADE
Região Metropolitana do Vale do Rio Cuiabá,CUIABA,MATO GROSSO,BARAO DE MELGACO
Região Metropolitana do Vale do Rio Cuiabá,CUIABA,MATO GROSSO,JANGADA
Região Metropolitana do Vale do Rio Cuiabá,CUIABA,MATO GROSSO,NOBRES
Região Metropolitana do Vale do Rio Cuiabá,CUIABA,MATO GROSSO,NOVA BRASILANDIA
Região Metropolitana do Vale do Rio Cuiabá,CUIABA,MATO GROSSO,PLANALTO DA SERRA
Região Metropolitana do Vale do Rio Cuiabá,CUIABA,MATO GROSSO,POCONE
Região Metropolitana do Vale do Rio Cuiabá,CUIABA,MATO GROSSO,ROSARIO OESTE
Região Metropolitana do Vale do Rio Cuiabá,CUIABA,MATO GROSSO,ACORIZAL
Região Metropolitana do Vale do Rio Cuiabá,CUIABA,MATO GROSSO,CHAPADA DOS GUIMARAES
Região Metropolitana do Vale do Rio Cuiabá,CUIABA,MATO GROSSO,CUIABA
Região Metropolitana do Vale do Rio Cuiabá,CUIABA,MATO GROSSO,NOSSA SENHORA DO LIVRAMENTO
Região Metropolitana do Vale do Rio Cuiabá,CUIABA,MATO GROSSO,SANTO ANTONIO DO LEVERGER
Região Metropolitana do Vale do Rio Cuiabá,CUIABA,MATO GROSSO,VARZEA GRANDE
Campo Grande,CAMPO GRANDE,MATO GROSSO DO SUL,CAMPO GRANDE
Região Metropolitana de Maceió,MACEIO,ALAGOAS,BARRA DE SANTO ANTONIO
Região Metropolitana de Maceió,MACEIO,ALAGOAS,BARRA DE SAO MIGUEL
Região Metropolitana de Maceió,MACEIO,ALAGOAS,COQUEIRO SECO
Região Metropolitana de Maceió,MACEIO,ALAGOAS,MACEIO
Região Metropolitana de Maceió,MACEIO,ALAGOAS,MARECHAL DEODORO
Região Metropolitana de Maceió,MACEIO,ALAGOAS,MESSIAS
Região Metropolitana de Maceió,MACEIO,ALAGOAS,MURICI
Região Metropolitana de Maceió,MACEIO,ALAGOAS,PARIPUEIRA
Região Metropolitana de Maceió,MACEIO,ALAGOAS,PILAR
Região Metropolitana de Maceió,MACEIO,ALAGOAS,RIO LARGO
Região Metropolitana de Maceió,MACEIO,ALAGOAS,SANTA LUZIA DO NORTE
Região Metropolitana de Maceió,MACEIO,ALAGOAS,SATUBA
Região Metropolitana de Salvador,SALVADOR,BAHIA,CAMACARI
Região Metropolitana de Salvador,SALVADOR,BAHIA,CANDEIAS
Região Metropolitana de Salvador,SALVADOR,BAHIA,DIAS D'AVILA
Região Metropolitana de Salvador,SALVADOR,BAHIA,ITAPARICA
Região Metropolitana de Salvador,SALVADOR,BAHIA,LAURO DE FREITAS
Região Metropolitana de Salvador,SALVADOR,BAHIA,MADRE DE DEUS
Região Metropolitana de Salvador,SALVADOR,BAHIA,MATA DE SAO JOAO
Região Metropolitana de Salvador,SALVADOR,BAHIA,POJUCA
Região Metropolitana de Salvador,SALVADOR,BAHIA,SALVADOR
Região Metropolitana de Salvador,SALVADOR,BAHIA,SAO FRANCISCO DO CONDE
Região Metropolitana de Salvador,SALVADOR,BAHIA,SAO SEBASTIAO DO PASSE
Região Metropolitana de Salvador,SALVADOR,BAHIA,SIMOES FILHO
Região Metropolitana de Salvador,SALVADOR,BAHIA,VERA CRUZ
Região Metropolitana de Fortaleza,FORTALEZA,CEARA,AQUIRAZ
Região Metropolitana de Fortaleza,FORTALEZA,CEARA,CASCAVEL
Região Metropolitana de Fortaleza,FORTALEZA,CEARA,CAUCAIA
Região Metropolitana de Fortaleza,FORTALEZA,CEARA,CHOROZINHO
Região Metropolitana de Fortaleza,FORTALEZA,CEARA,EUSEBIO
Região Metropolitana de Fortaleza,FORTALEZA,CEARA,FORTALEZA
Região Metropolitana de Fortaleza,FORTALEZA,CEARA,GUAIUBA
Região Metropolitana de Fortaleza,FORTALEZA,CEARA,HORIZONTE
Região Metropolitana de Fortaleza,FORTALEZA,CEARA,ITAITINGA
Região Metropolitana de Fortaleza,FORTALEZA,CEARA,MARACANAU
Região Metropolitana de Fortaleza,FORTALEZA,CEARA,MARANGUAPE
Região Metropolitana de Fortaleza,FORTALEZA,CEARA,PACAJUS
Região Metropolitana de Fortaleza,FORTALEZA,CEARA,PACATUBA
Região Metropolitana de Fortaleza,FORTALEZA,CEARA,PARACURU
Região Metropolitana de Fortaleza,FORTALEZA,CEARA,PARAIPABA
Região Metropolitana de Fortaleza,FORTALEZA,CEARA,PINDORETAMA
Região Metropolitana de Fortaleza,FORTALEZA,CEARA,SAO GONCALO DO AMARANTE
Região Metropolitana de Fortaleza,FORTALEZA,CEARA,SAO LUIS DO CURU
Região Metropolitana de Fortaleza,FORTALEZA,CEARA,TRAIRI
Região Metropolitana da Grande São Luís,SAO LUIS,MARANHAO,ALCANTARA
Região Metropolitana da Grande São Luís,SAO LUIS,MARANHAO,AXIXA
Região Metropolitana da Grande São Luís,SAO LUIS,MARANHAO,BACABEIRA
Região Metropolitana da Grande São Luís,SAO LUIS,MARANHAO,CACHOEIRA GRANDE
Região Metropolitana da Grande São Luís,SAO LUIS,MARANHAO,ICATU
Região Metropolitana da Grande São Luís,SAO LUIS,MARANHAO,MORROS
Região Metropolitana da Grande São Luís,SAO LUIS,MARANHAO,PACO DO LUMIAR
Região Metropolitana da Grande São Luís,SAO LUIS,MARANHAO,PRESIDENTE JUSCELINO
Região Metropolitana da Grande São Luís,SAO LUIS,MARANHAO,RAPOSA
Região Metropolitana da Grande São Luís,SAO LUIS,MARANHAO,ROSARIO
Região Metropolitana da Grande São Luís,SAO LUIS,MARANHAO,SANTA RITA
Região Metropolitana da Grande São Luís,SAO LUIS,MARANHAO,SAO JOSE DE RIBAMAR
Região Metropolitana da Grande São Luís,SAO LUIS,MARANHAO,SAO LUIS
Região Metropolitana de João Pessoa,JOAO PESSOA,PARAIBA,ALHANDRA
Região Metropolitana de João Pessoa,JOAO PESSOA,PARAIBA,BAYEUX
Região Metropolitana de João Pessoa,JOAO PESSOA,PARAIBA,CAAPORA
Região Metropolitana de João Pessoa,JOAO PESSOA,PARAIBA,CABEDELO
Região Metropolitana de João Pessoa,JOAO PESSOA,PARAIBA,CONDE
Região Metropolitana de João Pessoa,JOAO PESSOA,PARAIBA,CRUZ DO ESPIRITO SANTO
Região Metropolitana de João Pessoa,JOAO PESSOA,PARAIBA,JOAO PESSOA
Região Metropolitana de João Pessoa,JOAO PESSOA,PARAIBA,LUCENA
Região Metropolitana de João Pessoa,JOAO PESSOA,PARAIBA,PEDRAS DE FOGO
Região Metropolitana de João Pessoa,JOAO PESSOA,PARAIBA,PITIMBU
Região Metropolitana de João Pessoa,JOAO PESSOA,PARAIBA,RIO TINTO
Região Metropolitana de João Pessoa,JOAO PESSOA,PARAIBA,SANTA RITA
Região Metropolitana de Recife,RECIFE,PERNAMBUCO,ABREU E LIMA
Região Metropolitana de Recife,RECIFE,PERNAMBUCO,ARACOIABA
Região Metropolitana de Recife,RECIFE,PERNAMBUCO,CABO DE SANTO AGOSTINHO
Região Metropolitana de Recife,RECIFE,PERNAMBUCO,CAMARAGIBE
Região Metropolitana de Recife,RECIFE,PERNAMBUCO,IGARASSU
Região Metropolitana de Recife,RECIFE,PERNAMBUCO,ILHA DE ITAMARACA
Região Metropolitana de Recife,RECIFE,PERNAMBUCO,IPOJUCA
Região Metropolitana de Recife,RECIFE,PERNAMBUCO,ITAPISSUMA
Região Metropolitana de Recife,RECIFE,PERNAMBUCO,JABOATAO DOS GUARARAPES
Região Metropolitana de Recife,RECIFE,PERNAMBUCO,MORENO
Região Metropolitana de Recife,RECIFE,PERNAMBUCO,OLINDA
Região Metropolitana de Recife,RECIFE,PERNAMBUCO,PAULISTA
Região Metropolitana de Recife,RECIFE,PERNAMBUCO,RECIFE
Região Metropolitana de Recife,RECIFE,PERNAMBUCO,SAO LOURENCO DA MATA
Região Integrada de Desenvolvimento da Grande Teresina,TERESINA,PIAUI,ALTOS
Região Integrada de Desenvolvimento da Grande Teresina,TERESINA,PIAUI,BENEDITINOS
Região Integrada de Desenvolvimento da Grande Teresina,TERESINA,PIAUI,COIVARAS
Região Integrada de Desenvolvimento da Grande Teresina,TERESINA,PIAUI,CURRALINHOS
Região Integrada de Desenvolvimento da Grande Teresina,TERESINA,PIAUI,DEMERVAL LOBAO
Região Integrada de Desenvolvimento da Grande Teresina,TERESINA,PIAUI,JOSE DE FREITAS
Região Integrada de Desenvolvimento da Grande Teresina,TERESINA,PIAUI,LAGOA ALEGRE
Região Integrada de Desenvolvimento da Grande Teresina,TERESINA,PIAUI,LAGOA DO PIAUI
Região Integrada de Desenvolvimento da Grande Teresina,TERESINA,PIAUI,MIGUEL LEAO
Região Integrada de Desenvolvimento da Grande Teresina,TERESINA,PIAUI,MONSENHOR GIL
Região Integrada de Desenvolvimento da Grande Teresina,TERESINA,PIAUI,NAZARIA
Região Integrada de Desenvolvimento da Grande Teresina,TERESINA,PIAUI,TERESINA
Região Integrada de Desenvolvimento da Grande Teresina,TERESINA,MARANHAO,TIMON
Região Integrada de Desenvolvimento da Grande Teresina,TERESINA,PIAUI,UNIAO
Região Metropolitana de Natal,NATAL,RIO GRANDE DO NORTE,ARES
Região Metropolitana de Natal,NATAL,RIO GRANDE DO NORTE,BOM JESUS
Região Metropolitana de Natal,NATAL,RIO GRANDE DO NORTE,CEARA-MIRIM
Região Metropolitana de Natal,NATAL,RIO GRANDE DO NORTE,EXTREMOZ
Região Metropolitana de Natal,NATAL,RIO GRANDE DO NORTE,GOIANINHA
Região Metropolitana de Natal,NATAL,RIO GRANDE DO NORTE,IELMO MARINHO
Região Metropolitana de Natal,NATAL,RIO GRANDE DO NORTE,MACAIBA
Região Metropolitana de Natal,NATAL,RIO GRANDE DO NORTE,MAXARANGUAPE
Região Metropolitana de Natal,NATAL,RIO GRANDE DO NORTE,MONTE ALEGRE
Região Metropolitana de Natal,NATAL,RIO GRANDE DO NORTE,NATAL
Região Metropolitana de Natal,NATAL,RIO GRANDE DO NORTE,NISIA FLORESTA
Região Metropolitana de Natal,NATAL,RIO GRANDE DO NORTE,PARNAMIRIM
Região Metropolitana de Natal,NATAL,RIO GRANDE DO NORTE,SAO GONCALO DO AMARANTE
Região Metropolitana de Natal,NATAL,RIO GRANDE DO NORTE,SAO JOSE DE MIPIBU
Região Metropolitana de Natal,NATAL,RIO GRANDE DO NORTE,VERA CRUZ
Região Metropolitana de Aracaju,ARACAJU,SERGIPE,ARACAJU
Região Metropolitana de Aracaju,ARACAJU,SERGIPE,BARRA DOS COQUEIROS
Região Metropolitana de Aracaju,ARACAJU,SERGIPE,NOSSA SENHORA DO SOCORRO
Região Metropolitana de Aracaju,ARACAJU,SERGIPE,SAO CRISTOVAO
Região Metropolitana de Macapá,MACAPA,AMAPA,MACAPA
Região Metropolitana de Macapá,MACAPA,AMAPA,MAZAGAO
Região Metropolitana de Macapá,MACAPA,AMAPA,SANTANA
Região Metropolitana de Manaus,MANAUS,AMAZONAS,AUTAZES
Região Metropolitana de Manaus,MANAUS,AMAZONAS,CAREIRO
Região Metropolitana de Manaus,MANAUS,AMAZONAS,CAREIRO DA VARZEA
Região Metropolitana de Manaus,MANAUS,AMAZONAS,IRANDUBA
Região Metropolitana de Manaus,MANAUS,AMAZONAS,ITACOATIARA
Região Metropolitana de Manaus,MANAUS,AMAZONAS,ITAPIRANGA
Região Metropolitana de Manaus,MANAUS,AMAZONAS,MANACAPURU
Região Metropolitana de Manaus,MANAUS,AMAZONAS,MANAQUIRI
Região Metropolitana de Manaus,MANAUS,AMAZONAS,MANAUS
Região Metropolitana de Manaus,MANAUS,AMAZONAS,NOVO AIRAO
Região Metropolitana de Manaus,MANAUS,AMAZONAS,PRESIDENTE FIGUEIREDO
Região Metropolitana de Manaus,MANAUS,AMAZONAS,RIO PRETO DA EVA
Região Metropolitana de Manaus,MANAUS,AMAZONAS,SILVES
Região Metropolitana de Porto Velho,PORTO VELHO,RONDONIA,PORTO VELHO
Região Metropolitana de Porto Velho,PORTO VELHO,RONDONIA,CANDEIAS DO JAMARI
Rio Branco,RIO BRANCO,ACRE,RIO BRANCO
Região Metropolitana da Capital,BOA VISTA,RORAIMA,ALTO ALEGRE
Região Metropolitana da Capital,BOA VISTA,RORAIMA,BOA VISTA
Região Metropolitana da Capital,BOA VISTA,RORAIMA,BONFIM
Região Metropolitana da Capital,BOA VISTA,RORAIMA,CANTA
Região Metropolitana da Capital,BOA VISTA,RORAIMA,MUCAJAI
Região Metropolitana de Belém,BELEM,PARA,ANANINDEUA
Região Metropolitana de Belém,BELEM,PARA,BELEM
Região Metropolitana de Belém,BELEM,PARA,BENEVIDES
Região Metropolitana de Belém,BELEM,PARA,CASTANHAL
Região Metropolitana de Belém,BELEM,PARA,MARITUBA
Região Metropolitana de Belém,BELEM,PARA,SANTA BARBARA DO PARA
Região Metropolitana de Belém,BELEM,PARA,SANTA IZABEL DO PARA
Região Metropolitana de Palmas,PALMAS,TOCANTINS,APARECIDA DO RIO NEGRO
Região Metropolitana de Palmas,PALMAS,TOCANTINS,BARROLANDIA
Região Metropolitana de Palmas,PALMAS,TOCANTINS,BREJINHO DE NAZARE
Região Metropolitana de Palmas,PALMAS,TOCANTINS,FATIMA
Região Metropolitana de Palmas,PALMAS,TOCANTINS,IPUEIRAS
Região Metropolitana de Palmas,PALMAS,TOCANTINS,LAJEADO
Região Metropolitana de Palmas,PALMAS,TOCANTINS,MIRACEMA DO TOCANTINS
Região Metropolitana de Palmas,PALMAS,TOCANTINS,MIRANORTE
Região Metropolitana de Palmas,PALMAS,TOCANTINS,MONTE DO CARMO
Região Metropolitana de Palmas,PALMAS,TOCANTINS,OLIVEIRA DE FATIMA
Região Metropolitana de Palmas,PALMAS,TOCANTINS,PALMAS
Região Metropolitana de Palmas,PALMAS,TOCANTINS,PARAISO DO TOCANTINS
Região Metropolitana de Palmas,PALMAS,TOCANTINS,PORTO NACIONAL
Região Metropolitana de Palmas,PALMAS,TOCANTINS,PUGMIL
Região Metropolitana de Palmas,PALMAS,TOCANTINS,SILVANOPOLIS
Região Metropolitana de Palmas,PALMAS,TOCANTINS,TOCANTINIA
Região Metropolitana da Grande Vitória,VITORIA,ESPIRITO SANTO,CARIACICA
Região Metropolitana da Grande Vitória,VITORIA,ESPIRITO SANTO,FUNDAO
Região Metropolitana da Grande Vitória,VITORIA,ESPIRITO SANTO,GUARAPARI
Região Metropolitana da Grande Vitória,VITORIA,ESPIRITO SANTO,SERRA
Região Metropolitana da Grande Vitória,VITORIA,ESPIRITO SANTO,VIANA
Região Metropolitana da Grande Vitória,VITORIA,ESPIRITO SANTO,VILA VELHA
Região Metropolitana da Grande Vitória,VITORIA,ESPIRITO SANTO,VITORIA
Região Metropolitana de Belo Horizonte,BELO HORIZONTE,MINAS GERAIS,BALDIM
Região Metropolitana de Belo Horizonte,BELO HORIZONTE,MINAS GERAIS,BELO HORIZONTE
Região Metropolitana de Belo Horizonte,BELO HORIZONTE,MINAS GERAIS,BETIM
Região Metropolitana de Belo Horizonte,BELO HORIZONTE,MINAS GERAIS,BRUMADINHO
Região Metropolitana de Belo Horizonte,BELO HORIZONTE,MINAS GERAIS,CAETE
Região Metropolitana de Belo Horizonte,BELO HORIZONTE,MINAS GERAIS,CAPIM BRANCO
Região Metropolitana de Belo Horizonte,BELO HORIZONTE,MINAS GERAIS,CONFINS
Região Metropolitana de Belo Horizonte,BELO HORIZONTE,MINAS GERAIS,CONTAGEM
Região Metropolitana de Belo Horizonte,BELO HORIZONTE,MINAS GERAIS,ESMERALDAS
Região Metropolitana de Belo Horizonte,BELO HORIZONTE,MINAS GERAIS,FLORESTAL
Região Metropolitana de Belo Horizonte,BELO HORIZONTE,MINAS GERAIS,IBIRITE
Região Metropolitana de Belo Horizonte,BELO HORIZONTE,MINAS GERAIS,IGARAPE
Região Metropolitana de Belo Horizonte,BELO HORIZONTE,MINAS GERAIS,ITAGUARA
Região Metropolitana de Belo Horizonte,BELO HORIZONTE,MINAS GERAIS,ITATIAIUCU
Região Metropolitana de Belo Horizonte,BELO HORIZONTE,MINAS GERAIS,JABOTICATUBAS
Região Metropolitana de Belo Horizonte,BELO HORIZONTE,MINAS GERAIS,JUATUBA
Região Metropolitana de Belo Horizonte,BELO HORIZONTE,MINAS GERAIS,LAGOA SANTA
Região Metropolitana de Belo Horizonte,BELO HORIZONTE,MINAS GERAIS,MARIO CAMPOS
Região Metropolitana de Belo Horizonte,BELO HORIZONTE,MINAS GERAIS,MATEUS LEME
Região Metropolitana de Belo Horizonte,BELO HORIZONTE,MINAS GERAIS,MATOZINHOS
Região Metropolitana de Belo Horizonte,BELO HORIZONTE,MINAS GERAIS,NOVA LIMA
Região Metropolitana de Belo Horizonte,BELO HORIZONTE,MINAS GERAIS,NOVA UNIAO
Região Metropolitana de Belo Horizonte,BELO HORIZONTE,MINAS GERAIS,PEDRO LEOPOLDO
Região Metropolitana de Belo Horizonte,BELO HORIZONTE,MINAS GERAIS,RAPOSOS
Região Metropolitana de Belo Horizonte,BELO HORIZONTE,MINAS GERAIS,RIBEIRAO DAS NEVES
Região Metropolitana de Belo Horizonte,BELO HORIZONTE,MINAS GERAIS,RIO ACIMA
Região Metropolitana de Belo Horizonte,BELO HORIZONTE,MINAS GERAIS,RIO MANSO
Região Metropolitana de Belo Horizonte,BELO HORIZONTE,MINAS GERAIS,SABARA
Região Metropolitana de Belo Horizonte,BELO HORIZONTE,MINAS GERAIS,SANTA LUZIA
Região Metropolitana de Belo Horizonte,BELO HORIZONTE,MINAS GERAIS,SAO JOAQUIM DE BICAS
Região Metropolitana de Belo Horizonte,BELO HORIZONTE,MINAS GERAIS,SAO JOSE DA LAPA
Região Metropolitana de Belo Horizonte,BELO HORIZONTE,MINAS GERAIS,SARZEDO
Região Metropolitana de Belo Horizonte,BELO HORIZONTE,MINAS GERAIS,TAQUARACU DE MINAS
Região Metropolitana de Belo Horizonte,BELO HORIZONTE,MINAS GERAIS,VESPASIANO
Região Metropolitana do Rio de Janeiro,RIO DE JANEIRO,RIO DE JANEIRO,BELFORD ROXO
Região Metropolitana do Rio de Janeiro,RIO DE JANEIRO,RIO DE JANEIRO,CACHOEIRAS DE MACACU
Região Metropolitana do Rio de Janeiro,RIO DE JANEIRO,RIO DE JANEIRO,DUQUE DE CAXIAS
Região Metropolitana do Rio de Janeiro,RIO DE JANEIRO,RIO DE JANEIRO,GUAPIMIRIM
Região Metropolitana do Rio de Janeiro,RIO DE JANEIRO,RIO DE JANEIRO,ITABORAI
Região Metropolitana do Rio de Janeiro,RIO DE JANEIRO,RIO DE JANEIRO,ITAGUAI
Região Metropolitana do Rio de Janeiro,RIO DE JANEIRO,RIO DE JANEIRO,JAPERI
Região Metropolitana do Rio de Janeiro,RIO DE JANEIRO,RIO DE JANEIRO,MAGE
Região Metropolitana do Rio de Janeiro,RIO DE JANEIRO,RIO DE JANEIRO,MARICA
Região Metropolitana do Rio de Janeiro,RIO DE JANEIRO,RIO DE JANEIRO,MESQUITA
Região Metropolitana do Rio de Janeiro,RIO DE JANEIRO,RIO DE JANEIRO,NILOPOLIS
Região Metropolitana do Rio de Janeiro,RIO DE JANEIRO,RIO DE JANEIRO,NITEROI
Região Metropolitana do Rio de Janeiro,RIO DE JANEIRO,RIO DE JANEIRO,NOVA IGUACU
Região Metropolitana do Rio de Janeiro,RIO DE JANEIRO,RIO DE JANEIRO,PARACAMBI
Região Metropolitana do Rio de Janeiro,RIO DE JANEIRO,RIO DE JANEIRO,PETROPOLIS
Região Metropolitana do Rio de Janeiro,RIO DE JANEIRO,RIO DE JANEIRO,QUEIMADOS
Região Metropolitana do Rio de Janeiro,RIO DE JANEIRO,RIO DE JANEIRO,RIO BONITO
Região Metropolitana do Rio de Janeiro,RIO DE JANEIRO,RIO DE JANEIRO,RIO DE JANEIRO
Região Metropolitana do Rio de Janeiro,RIO DE JANEIRO,RIO DE JANEIRO,SAO GONCALO
Região Metropolitana do Rio de Janeiro,RIO DE JANEIRO,RIO DE JANEIRO,SAO JOAO DE MERITI
Região Metropolitana do Rio de Janeiro,RIO DE JANEIRO,RIO DE JANEIRO,SEROPEDICA
Região Metropolitana do Rio de Janeiro,RIO DE JANEIRO,RIO DE JANEIRO,TANGUA
Região Metropolitana de São Paulo,SAO PAULO,SAO PAULO,ARUJA
Região Metropolitana de São Paulo,SAO PAULO,SAO PAULO,BIRITIBA MIRIM
Região Metropolitana de São Paulo,SAO PAULO,SAO PAULO,FERRAZ DE VASCONCELOS
Região Metropolitana de São Paulo,SAO PAULO,SAO PAULO,GUARAREMA
Região Metropolitana de São Paulo,SAO PAULO,SAO PAULO,GUARULHOS
Região Metropolitana de São Paulo,SAO PAULO,SAO PAULO,ITAQUAQUECETUBA
Região Metropolitana de São Paulo,SAO PAULO,SAO PAULO,MOGI DAS CRUZES
Região Metropolitana de São Paulo,SAO PAULO,SAO PAULO,POA
Região Metropolitana de São Paulo,SAO PAULO,SAO PAULO,SALESOPOLIS
Região Metropolitana de São Paulo,SAO PAULO,SAO PAULO,SANTA ISABEL
Região Metropolitana de São Paulo,SAO PAULO,SAO PAULO,SUZANO
Região Metropolitana de São Paulo,SAO PAULO,SAO PAULO,CAIEIRAS
Região Metropolitana de São Paulo,SAO PAULO,SAO PAULO,CAJAMAR
Região Metropolitana de São Paulo,SAO PAULO,SAO PAULO,FRANCISCO MORATO
Região Metropolitana de São Paulo,SAO PAULO,SAO PAULO,FRANCO DA ROCHA
Região Metropolitana de São Paulo,SAO PAULO,SAO PAULO,MAIRIPORA
Região Metropolitana de São Paulo,SAO PAULO,SAO PAULO,BARUERI
Região Metropolitana de São Paulo,SAO PAULO,SAO PAULO,CARAPICUIBA
Região Metropolitana de São Paulo,SAO PAULO,SAO PAULO,ITAPEVI
Região Metropolitana de São Paulo,SAO PAULO,SAO PAULO,JANDIRA
Região Metropolitana de São Paulo,SAO PAULO,SAO PAULO,OSASCO
Região Metropolitana de São Paulo,SAO PAULO,SAO PAULO,PIRAPORA DO BOM JESUS
Região Metropolitana de São Paulo,SAO PAULO,SAO PAULO,SANTANA DE PARNAIBA
Região Metropolitana de São Paulo,SAO PAULO,SAO PAULO,DIADEMA
Região Metropolitana de São Paulo,SAO PAULO,SAO PAULO,MAUA
Região Metropolitana de São Paulo,SAO PAULO,SAO PAULO,RIBEIRAO PIRES
Região Metropolitana de São Paulo,SAO PAULO,SAO PAULO,RIO GRANDE DA SERRA
Região Metropolitana de São Paulo,SAO PAULO,SAO PAULO,SANTO ANDRE
Região Metropolitana de São Paulo,SAO PAULO,SAO PAULO,SAO BERNARDO DO CAMPO
Região Metropolitana de São Paulo,SAO PAULO,SAO PAULO,SAO CAETANO DO SUL
Região Metropolitana de São Paulo,SAO PAULO,SAO PAULO,COTIA
Região Metropolitana de São Paulo,SAO PAULO,SAO PAULO,EMBU DAS ARTES
Região Metropolitana de São Paulo,SAO PAULO,SAO PAULO,EMBU-GUACU
Região Metropolitana de São Paulo,SAO PAULO,SAO PAULO,ITAPECERICA DA SERRA
Região Metropolitana de São Paulo,SAO PAULO,SAO PAULO,JUQUITIBA
Região Metropolitana de São Paulo,SAO PAULO,SAO PAULO,SAO LOURENCO DA SERRA
Região Metropolitana de São Paulo,SAO PAULO,SAO PAULO,TABOAO DA SERRA
Região Metropolitana de São Paulo,SAO PAULO,SAO PAULO,VARGEM GRANDE PAULISTA
Região Metropolitana de São Paulo,SAO PAULO,SAO PAULO,SAO PAULO
Região Metropolitana de Curitiba,CURITIBA,PARANA,ADRIANOPOLIS
Região Metropolitana de Curitiba,CURITIBA,PARANA,AGUDOS DO SUL
Região Metropolitana de Curitiba,CURITIBA,PARANA,ALMIRANTE TAMANDARE
Região Metropolitana de Curitiba,CURITIBA,PARANA,ARAUCARIA
Região Metropolitana de Curitiba,CURITIBA,PARANA,BALSA NOVA
Região Metropolitana de Curitiba,CURITIBA,PARANA,BOCAIUVA DO SUL
Região Metropolitana de Curitiba,CURITIBA,PARANA,CAMPINA GRANDE DO SUL
Região Metropolitana de Curitiba,CURITIBA,PARANA,CAMPO DO TENENTE
Região Metropolitana de Curitiba,CURITIBA,PARANA,CAMPO LARGO
Região Metropolitana de Curitiba,CURITIBA,PARANA,CAMPO MAGRO
Região Metropolitana de Curitiba,CURITIBA,PARANA,CERRO AZUL
Região Metropolitana de Curitiba,CURITIBA,PARANA,COLOMBO
Região Metropolitana de Curitiba,CURITIBA,PARANA,CONTENDA
Região Metropolitana de Curitiba,CURITIBA,PARANA,CURITIBA
Região Metropolitana de Curitiba,CURITIBA,PARANA,DOUTOR ULYSSES
Região Metropolitana de Curitiba,CURITIBA,PARANA,FAZENDA RIO GRANDE
Região Metropolitana de Curitiba,CURITIBA,PARANA,ITAPERUCU
Região Metropolitana de Curitiba,CURITIBA,PARANA,LAPA
Região Metropolitana de Curitiba,CURITIBA,PARANA,MANDIRITUBA
Região Metropolitana de Curitiba,CURITIBA,PARANA,PIEN
Região Metropolitana de Curitiba,CURITIBA,PARANA,PINHAIS
Região Metropolitana de Curitiba,CURITIBA,PARANA,PIRAQUARA
Região Metropolitana de Curitiba,CURITIBA,PARANA,QUATRO BARRAS
Região Metropolitana de Curitiba,CURITIBA,PARANA,QUITANDINHA
Região Metropolitana de Curitiba,CURITIBA,PARANA,RIO BRANCO DO SUL
Região Metropolitana de Curitiba,CURITIBA,PARANA,RIO NEGRO
Região Metropolitana de Curitiba,CURITIBA,PARANA,SAO JOSE DOS PINHAIS
Região Metropolitana de Curitiba,CURITIBA,PARANA,TIJUCAS DO SUL
Região Metropolitana de Curitiba,CURITIBA,PARANA,TUNAS DO PARANA
Região Metropolitana de Porto Alegre,PORTO ALEGRE,RIO GRANDE DO SUL,ALVORADA
Região Metropolitana de Porto Alegre,PORTO ALEGRE,RIO GRANDE DO SUL,ARARICA
Região Metropolitana de Porto Alegre,PORTO ALEGRE,RIO GRANDE DO SUL,ARROIO DOS RATOS
Região Metropolitana de Porto Alegre,PORTO ALEGRE,RIO GRANDE DO SUL,CACHOEIRINHA
Região Metropolitana de Porto Alegre,PORTO ALEGRE,RIO GRANDE DO SUL,CAMPO BOM
Região Metropolitana de Porto Alegre,PORTO ALEGRE,RIO GRANDE DO SUL,CANOAS
Região Metropolitana de Porto Alegre,PORTO ALEGRE,RIO GRANDE DO SUL,CAPELA DE SANTANA
Região Metropolitana de Porto Alegre,PORTO ALEGRE,RIO GRANDE DO SUL,CHARQUEADAS
Região Metropolitana de Porto Alegre,PORTO ALEGRE,RIO GRANDE DO SUL,DOIS IRMAOS
Região Metropolitana de Porto Alegre,PORTO ALEGRE,RIO GRANDE DO SUL,ELDORADO DO SUL
Região Metropolitana de Porto Alegre,PORTO ALEGRE,RIO GRANDE DO SUL,ESTANCIA VELHA
Região Metropolitana de Porto Alegre,PORTO ALEGRE,RIO GRANDE DO SUL,ESTEIO
Região Metropolitana de Porto Alegre,PORTO ALEGRE,RIO GRANDE DO SUL,GLORINHA
Região Metropolitana de Porto Alegre,PORTO ALEGRE,RIO GRANDE DO SUL,GRAVATAI
Região Metropolitana de Porto Alegre,PORTO ALEGRE,RIO GRANDE DO SUL,GUAIBA
Região Metropolitana de Porto Alegre,PORTO ALEGRE,RIO GRANDE DO SUL,IGREJINHA
Região Metropolitana de Porto Alegre,PORTO ALEGRE,RIO GRANDE DO SUL,IVOTI
Região Metropolitana de Porto Alegre,PORTO ALEGRE,RIO GRANDE DO SUL,MONTENEGRO
Região Metropolitana de Porto Alegre,PORTO ALEGRE,RIO GRANDE DO SUL,NOVA HARTZ
Região Metropolitana de Porto Alegre,PORTO ALEGRE,RIO GRANDE DO SUL,NOVA SANTA RITA
Região Metropolitana de Porto Alegre,PORTO ALEGRE,RIO GRANDE DO SUL,NOVO HAMBURGO
Região Metropolitana de Porto Alegre,PORTO ALEGRE,RIO GRANDE DO SUL,PAROBE
Região Metropolitana de Porto Alegre,PORTO ALEGRE,RIO GRANDE DO SUL,PORTAO
Região Metropolitana de Porto Alegre,PORTO ALEGRE,RIO GRANDE DO SUL,PORTO ALEGRE
Região Metropolitana de Porto Alegre,PORTO ALEGRE,RIO GRANDE DO SUL,ROLANTE
Região Metropolitana de Porto Alegre,PORTO ALEGRE,RIO GRANDE DO SUL,SANTO ANTONIO DA PATRULHA
Região Metropolitana de Porto Alegre,PORTO ALEGRE,RIO GRANDE DO SUL,SAO JERONIMO
Região Metropolitana de Porto Alegre,PORTO ALEGRE,RIO GRANDE DO SUL,SAO LEOPOLDO
Região Metropolitana de Porto Alegre,PORTO ALEGRE,RIO GRANDE DO SUL,SAO SEBASTIAO DO CAI
Região Metropolitana de Porto Alegre,PORTO ALEGRE,RIO GRANDE DO SUL,SAPIRANGA
Região Metropolitana de Porto Alegre,PORTO ALEGRE,RIO GRANDE DO SUL,SAPUCAIA DO SUL
Região Metropolitana de Porto Alegre,PORTO ALEGRE,RIO GRANDE DO SUL,TAQUARA
Região Metropolitana de Porto Alegre,PORTO ALEGRE,RIO GRANDE DO SUL,TRIUNFO
Região Metropolitana de Porto Alegre,PORTO ALEGRE,RIO GRANDE DO SUL,VIAMAO
Região Metropolitana de Florianópolis,FLORIANOPOLIS,SANTA CATARINA,ALFREDO WAGNER
Região Metropolitana de Florianópolis,FLORIANOPOLIS,SANTA CATARINA,ANGELINA
Região Metropolitana de Florianópolis,FLORIANOPOLIS,SANTA CATARINA,ANITAPOLIS
Região Metropolitana de Florianópolis,FLORIANOPOLIS,SANTA CATARINA,CANELINHA
Região Metropolitana de Florianópolis,FLORIANOPOLIS,SANTA CATARINA,GAROPABA
Região Metropolitana de Florianópolis,FLORIANOPOLIS,SANTA CATARINA,LEOBERTO LEAL
Região Metropolitana de Florianópolis,FLORIANOPOLIS,SANTA CATARINA,MAJOR GERCINO
Região Metropolitana de Florianópolis,FLORIANOPOLIS,SANTA CATARINA,NOVA TRENTO
Região Metropolitana de Florianópolis,FLORIANOPOLIS,SANTA CATARINA,PAULO LOPES
Região Metropolitana de Florianópolis,FLORIANOPOLIS,SANTA CATARINA,RANCHO QUEIMADO
Região Metropolitana de Florianópolis,FLORIANOPOLIS,SANTA CATARINA,SAO BONIFACIO
Região Metropolitana de Florianópolis,FLORIANOPOLIS,SANTA CATARINA,SAO JOAO BATISTA
Região Metropolitana de Florianópolis,FLORIANOPOLIS,SANTA CATARINA,TIJUCAS
Região Metropolitana de Florianópolis,FLORIANOPOLIS,SANTA CATARINA,AGUAS MORNAS
Região Metropolitana de Florianópolis,FLORIANOPOLIS,SANTA CATARINA,ANTONIO CARLOS
Região Metropolitana de Florianópolis,FLORIANOPOLIS,SANTA CATARINA,BIGUACU
Região Metropolitana de Florianópolis,FLORIANOPOLIS,SANTA CATARINA,FLORIANOPOLIS
Região Metropolitana de Florianópolis,FLORIANOPOLIS,SANTA CATARINA,GOVERNADOR CELSO RAMOS
Região Metropolitana de Florianópolis,FLORIANOPOLIS,SANTA CATARINA,PALHOCA
Região Metropolitana de Florianópolis,FLORIANOPOLIS,SANTA CATARINA,SANTO AMARO DA IMPERATRIZ
Região Metropolitana de Florianópolis,FLORIANOPOLIS,SANTA CATARINA,SAO JOSE
Região Metropolitana de Florianópolis,FLORIANOPOLIS,SANTA CATARINA,SAO PEDRO DE ALCANTARA
